[
  {
    "line": 2,
    "elements": [
      {
        "comments": [
          {
            "line": 4,
            "value": "#***********************************************************************************************************"
          },
          {
            "line": 5,
            "value": "#\t\t\t\t\t\tAuthor \t\t: Anirban Mukherjee (anirban2k@gmail.com)"
          },
          {
            "line": 6,
            "value": "#\t\t\t\t\t\tFeatures Provided :"
          },
          {
            "line": 7,
            "value": "#\t\t\t\t\t\t\t\t\t- Reusable Tags"
          },
          {
            "line": 8,
            "value": "#\t\t\t\t\t\t\t\t\t- Relative path of Properties and Feature Files (in Runner)"
          },
          {
            "line": 9,
            "value": "#\t\t\t\t\t\t\t\t\t- Usage of various combinations of Feature Files with Examples"
          },
          {
            "line": 10,
            "value": "#\t\t\t\t\t\t\t\t\t- Examples of Different Tag Combinations and how to use them"
          },
          {
            "line": 11,
            "value": "#\t\t\t\t\t\t\t\t\t- 6 different methods of data handling from the feature file"
          },
          {
            "line": 12,
            "value": "#\t\t\t\t\t\t\t\t\t- Hooks (@Before / @After) in StepDefinition File"
          },
          {
            "line": 13,
            "value": "#\t\t\t\t\t\tFeatures Excludes :"
          },
          {
            "line": 14,
            "value": "#\t\t\t\t\t\t\t\t\t- Abstract Class containing reusable components"
          },
          {
            "line": 15,
            "value": "#\t\t\t\t\t\t\t\t\t- Driver Files, as it has to be matched with the system browser versions"
          },
          {
            "line": 16,
            "value": "#\t\t\t\t\t\t\t\t\t- Reporting (so that it can be used with multiple plug-and-play listeners"
          },
          {
            "line": 17,
            "value": "#\t\t\t\t\t\t\t\t\t- Data handling using Excel"
          },
          {
            "line": 18,
            "value": "#"
          },
          {
            "line": 19,
            "value": "#***********************************************************************************************************"
          }
        ],
        "before": [
          {
            "result": {
              "duration": 3911800,
              "status": "passed"
            },
            "match": {
              "location": "initialScopeStepDefinition.initiateApp()"
            }
          }
        ],
        "line": 22,
        "name": "Check the Homepage Elements",
        "description": "",
        "id": "initial-set-of-scenarios-for-the-provided-application;check-the-homepage-elements",
        "after": [
          {
            "result": {
              "duration": 94400,
              "status": "passed"
            },
            "match": {
              "location": "initialScopeStepDefinition.tearDownApp2()"
            }
          },
          {
            "result": {
              "duration": 58100,
              "status": "passed"
            },
            "match": {
              "location": "initialScopeStepDefinition.tearDownApp1()"
            }
          }
        ],
        "type": "scenario",
        "keyword": "Scenario",
        "steps": [
          {
            "result": {
              "duration": 192914100,
              "status": "passed"
            },
            "line": 23,
            "name": "This is a valid HomePage",
            "match": {
              "location": "initialScopeStepDefinition.this_is_a_valid_HomePage()"
            },
            "keyword": "Given "
          }
        ],
        "tags": [
          {
            "line": 21,
            "name": "@SmokeTest"
          },
          {
            "line": 21,
            "name": "@RegressionTest"
          },
          {
            "line": 21,
            "name": "@FunctionalityCheck"
          },
          {
            "line": 21,
            "name": "@EndToEnd"
          },
          {
            "line": 21,
            "name": "@Criticality1"
          },
          {
            "line": 21,
            "name": "@Criticality2"
          },
          {
            "line": 21,
            "name": "@Criticality3"
          },
          {
            "line": 21,
            "name": "@Criticality4"
          }
        ]
      },
      {
        "before": [
          {
            "result": {
              "duration": 726000,
              "status": "passed"
            },
            "match": {
              "location": "initialScopeStepDefinition.initiateApp()"
            }
          }
        ],
        "line": 26,
        "name": "Check the Menu1 Page",
        "description": "",
        "id": "initial-set-of-scenarios-for-the-provided-application;check-the-menu1-page",
        "after": [
          {
            "result": {
              "duration": 51700,
              "status": "passed"
            },
            "match": {
              "location": "initialScopeStepDefinition.tearDownApp2()"
            }
          },
          {
            "result": {
              "duration": 85200,
              "status": "passed"
            },
            "match": {
              "location": "initialScopeStepDefinition.tearDownApp1()"
            }
          }
        ],
        "type": "scenario",
        "keyword": "Scenario",
        "steps": [
          {
            "result": {
              "duration": 159200,
              "status": "passed"
            },
            "line": 27,
            "name": "This is a valid HomePage",
            "match": {
              "location": "initialScopeStepDefinition.this_is_a_valid_HomePage()"
            },
            "keyword": "Given "
          },
          {
            "result": {
              "duration": 2169500,
              "status": "passed"
            },
            "line": 28,
            "name": "User clicks on Menu1",
            "match": {
              "arguments": [
                {
                  "val": "1",
                  "offset": 19
                }
              ],
              "location": "initialScopeStepDefinition.user_clicks_on_Menu(int)"
            },
            "keyword": "When "
          },
          {
            "result": {
              "duration": 276500,
              "status": "passed"
            },
            "line": 29,
            "name": "User is on Menu1 Page",
            "match": {
              "arguments": [
                {
                  "val": "1",
                  "offset": 15
                }
              ],
              "location": "initialScopeStepDefinition.user_is_on_Menu_Page(int)"
            },
            "keyword": "Then "
          },
          {
            "result": {
              "duration": 55801,
              "status": "passed"
            },
            "line": 30,
            "name": "User navigates back to HomePage",
            "match": {
              "location": "initialScopeStepDefinition.user_navigates_back_to_HomePage()"
            },
            "keyword": "Then "
          },
          {
            "result": {
              "duration": 135600,
              "status": "passed"
            },
            "line": 31,
            "name": "User is on HomePage",
            "match": {
              "location": "initialScopeStepDefinition.user_is_on_HomePage()"
            },
            "keyword": "Then "
          }
        ],
        "tags": [
          {
            "line": 25,
            "name": "@SmokeTest"
          },
          {
            "line": 25,
            "name": "@RegressionTest"
          },
          {
            "line": 25,
            "name": "@EndToEnd"
          },
          {
            "line": 25,
            "name": "@Criticality1"
          }
        ]
      },
      {
        "before": [
          {
            "result": {
              "duration": 481600,
              "status": "passed"
            },
            "match": {
              "location": "initialScopeStepDefinition.initiateApp()"
            }
          }
        ],
        "line": 34,
        "name": "Check the Module1 Page Functionality",
        "description": "",
        "id": "initial-set-of-scenarios-for-the-provided-application;check-the-module1-page-functionality",
        "after": [
          {
            "result": {
              "duration": 82800,
              "status": "passed"
            },
            "match": {
              "location": "initialScopeStepDefinition.tearDownApp2()"
            }
          },
          {
            "result": {
              "duration": 65999,
              "status": "passed"
            },
            "match": {
              "location": "initialScopeStepDefinition.tearDownApp1()"
            }
          }
        ],
        "type": "scenario",
        "keyword": "Scenario",
        "steps": [
          {
            "result": {
              "duration": 104401,
              "status": "passed"
            },
            "line": 35,
            "name": "This is a valid HomePage",
            "match": {
              "location": "initialScopeStepDefinition.this_is_a_valid_HomePage()"
            },
            "keyword": "Given "
          },
          {
            "result": {
              "duration": 175301,
              "status": "passed"
            },
            "line": 36,
            "name": "User navigates to Module1",
            "match": {
              "arguments": [
                {
                  "val": "1",
                  "offset": 24
                }
              ],
              "location": "initialScopeStepDefinition.user_navigates_to_Module(int)"
            },
            "keyword": "When "
          },
          {
            "result": {
              "duration": 294001,
              "status": "passed"
            },
            "line": 37,
            "name": "User is on Module1 Page",
            "match": {
              "arguments": [
                {
                  "val": "1",
                  "offset": 17
                }
              ],
              "location": "initialScopeStepDefinition.user_is_on_Module_Page(int)"
            },
            "keyword": "Then "
          },
          {
            "result": {
              "duration": 172299,
              "status": "passed"
            },
            "line": 38,
            "name": "User fills up Module1 Form",
            "match": {
              "arguments": [
                {
                  "val": "1",
                  "offset": 20
                }
              ],
              "location": "initialScopeStepDefinition.user_fills_up_Module_Form(int)"
            },
            "keyword": "Then "
          },
          {
            "result": {
              "duration": 104001,
              "status": "passed"
            },
            "line": 39,
            "name": "User confirms form submission",
            "match": {
              "location": "initialScopeStepDefinition.user_confirms_form_submission()"
            },
            "keyword": "Then "
          },
          {
            "result": {
              "duration": 57101,
              "status": "passed"
            },
            "line": 40,
            "name": "User navigates back to HomePage",
            "match": {
              "location": "initialScopeStepDefinition.user_navigates_back_to_HomePage()"
            },
            "keyword": "Then "
          },
          {
            "result": {
              "duration": 96000,
              "status": "passed"
            },
            "line": 41,
            "name": "User is on HomePage",
            "match": {
              "location": "initialScopeStepDefinition.user_is_on_HomePage()"
            },
            "keyword": "Then "
          }
        ],
        "tags": [
          {
            "line": 33,
            "name": "@RegressionTest"
          },
          {
            "line": 33,
            "name": "@FunctionalityCheck"
          },
          {
            "line": 33,
            "name": "@EndToEnd"
          },
          {
            "line": 33,
            "name": "@Criticality1"
          }
        ]
      },
      {
        "before": [
          {
            "result": {
              "duration": 1149401,
              "status": "passed"
            },
            "match": {
              "location": "initialScopeStepDefinition.initiateApp()"
            }
          }
        ],
        "line": 44,
        "name": "Check the Menu2 Page",
        "description": "",
        "id": "initial-set-of-scenarios-for-the-provided-application;check-the-menu2-page",
        "after": [
          {
            "result": {
              "duration": 56701,
              "status": "passed"
            },
            "match": {
              "location": "initialScopeStepDefinition.tearDownApp2()"
            }
          },
          {
            "result": {
              "duration": 251599,
              "status": "passed"
            },
            "match": {
              "location": "initialScopeStepDefinition.tearDownApp1()"
            }
          }
        ],
        "type": "scenario",
        "keyword": "Scenario",
        "steps": [
          {
            "result": {
              "duration": 68600,
              "status": "passed"
            },
            "line": 45,
            "name": "This is a valid HomePage",
            "match": {
              "location": "initialScopeStepDefinition.this_is_a_valid_HomePage()"
            },
            "keyword": "Given "
          },
          {
            "result": {
              "duration": 227100,
              "status": "passed"
            },
            "line": 46,
            "name": "User clicks on Menu2",
            "match": {
              "arguments": [
                {
                  "val": "2",
                  "offset": 19
                }
              ],
              "location": "initialScopeStepDefinition.user_clicks_on_Menu(int)"
            },
            "keyword": "When "
          },
          {
            "result": {
              "duration": 162900,
              "status": "passed"
            },
            "line": 47,
            "name": "User is on Menu2 Page",
            "match": {
              "arguments": [
                {
                  "val": "2",
                  "offset": 15
                }
              ],
              "location": "initialScopeStepDefinition.user_is_on_Menu_Page(int)"
            },
            "keyword": "Then "
          },
          {
            "result": {
              "duration": 43000,
              "status": "passed"
            },
            "line": 48,
            "name": "User navigates back to HomePage",
            "match": {
              "location": "initialScopeStepDefinition.user_navigates_back_to_HomePage()"
            },
            "keyword": "Then "
          },
          {
            "result": {
              "duration": 55101,
              "status": "passed"
            },
            "line": 49,
            "name": "User is on HomePage",
            "match": {
              "location": "initialScopeStepDefinition.user_is_on_HomePage()"
            },
            "keyword": "Then "
          }
        ],
        "tags": [
          {
            "line": 43,
            "name": "@SmokeTest"
          },
          {
            "line": 43,
            "name": "@RegressionTest"
          },
          {
            "line": 43,
            "name": "@EndToEnd"
          },
          {
            "line": 43,
            "name": "@Criticality2"
          }
        ]
      },
      {
        "before": [
          {
            "result": {
              "duration": 603100,
              "status": "passed"
            },
            "match": {
              "location": "initialScopeStepDefinition.initiateApp()"
            }
          }
        ],
        "line": 52,
        "name": "Check the Module2 Page Functionality",
        "description": "",
        "id": "initial-set-of-scenarios-for-the-provided-application;check-the-module2-page-functionality",
        "after": [
          {
            "result": {
              "duration": 121900,
              "status": "passed"
            },
            "match": {
              "location": "initialScopeStepDefinition.tearDownApp2()"
            }
          },
          {
            "result": {
              "duration": 145600,
              "status": "passed"
            },
            "match": {
              "location": "initialScopeStepDefinition.tearDownApp1()"
            }
          }
        ],
        "type": "scenario",
        "keyword": "Scenario",
        "steps": [
          {
            "result": {
              "duration": 67101,
              "status": "passed"
            },
            "line": 53,
            "name": "This is a valid HomePage",
            "match": {
              "location": "initialScopeStepDefinition.this_is_a_valid_HomePage()"
            },
            "keyword": "Given "
          },
          {
            "result": {
              "duration": 82000,
              "status": "passed"
            },
            "line": 54,
            "name": "User navigates to Module2",
            "match": {
              "arguments": [
                {
                  "val": "2",
                  "offset": 24
                }
              ],
              "location": "initialScopeStepDefinition.user_navigates_to_Module(int)"
            },
            "keyword": "When "
          },
          {
            "result": {
              "duration": 128101,
              "status": "passed"
            },
            "line": 55,
            "name": "User is on Module2 Page",
            "match": {
              "arguments": [
                {
                  "val": "2",
                  "offset": 17
                }
              ],
              "location": "initialScopeStepDefinition.user_is_on_Module_Page(int)"
            },
            "keyword": "Then "
          },
          {
            "result": {
              "duration": 1141999,
              "status": "passed"
            },
            "line": 56,
            "name": "User fills up Module2 Form with \"data1\" and \"data2\"",
            "match": {
              "arguments": [
                {
                  "val": "2",
                  "offset": 20
                },
                {
                  "val": "data1",
                  "offset": 33
                },
                {
                  "val": "data2",
                  "offset": 45
                }
              ],
              "location": "initialScopeStepDefinition.user_fills_up_Module_Form_with_and(int,String,String)"
            },
            "keyword": "Then "
          },
          {
            "result": {
              "duration": 41400,
              "status": "passed"
            },
            "line": 57,
            "name": "User confirms form submission",
            "match": {
              "location": "initialScopeStepDefinition.user_confirms_form_submission()"
            },
            "keyword": "Then "
          },
          {
            "result": {
              "duration": 45101,
              "status": "passed"
            },
            "line": 58,
            "name": "User navigates back to HomePage",
            "match": {
              "location": "initialScopeStepDefinition.user_navigates_back_to_HomePage()"
            },
            "keyword": "Then "
          },
          {
            "result": {
              "duration": 77000,
              "status": "passed"
            },
            "line": 59,
            "name": "User is on HomePage",
            "match": {
              "location": "initialScopeStepDefinition.user_is_on_HomePage()"
            },
            "keyword": "Then "
          }
        ],
        "tags": [
          {
            "line": 51,
            "name": "@RegressionTest"
          },
          {
            "line": 51,
            "name": "@FunctionalityCheck"
          },
          {
            "line": 51,
            "name": "@EndToEnd"
          },
          {
            "line": 51,
            "name": "@Criticality2"
          }
        ]
      },
      {
        "before": [
          {
            "result": {
              "duration": 440400,
              "status": "passed"
            },
            "match": {
              "location": "initialScopeStepDefinition.initiateApp()"
            }
          }
        ],
        "line": 62,
        "name": "Check the Menu3 Page",
        "description": "",
        "id": "initial-set-of-scenarios-for-the-provided-application;check-the-menu3-page",
        "after": [
          {
            "result": {
              "duration": 66700,
              "status": "passed"
            },
            "match": {
              "location": "initialScopeStepDefinition.tearDownApp2()"
            }
          },
          {
            "result": {
              "duration": 54200,
              "status": "passed"
            },
            "match": {
              "location": "initialScopeStepDefinition.tearDownApp1()"
            }
          }
        ],
        "type": "scenario",
        "keyword": "Scenario",
        "steps": [
          {
            "result": {
              "duration": 59100,
              "status": "passed"
            },
            "line": 63,
            "name": "This is a valid HomePage",
            "match": {
              "location": "initialScopeStepDefinition.this_is_a_valid_HomePage()"
            },
            "keyword": "Given "
          },
          {
            "result": {
              "duration": 116300,
              "status": "passed"
            },
            "line": 64,
            "name": "User clicks on Menu3",
            "match": {
              "arguments": [
                {
                  "val": "3",
                  "offset": 19
                }
              ],
              "location": "initialScopeStepDefinition.user_clicks_on_Menu(int)"
            },
            "keyword": "When "
          },
          {
            "result": {
              "duration": 124799,
              "status": "passed"
            },
            "line": 65,
            "name": "User is on Menu3 Page",
            "match": {
              "arguments": [
                {
                  "val": "3",
                  "offset": 15
                }
              ],
              "location": "initialScopeStepDefinition.user_is_on_Menu_Page(int)"
            },
            "keyword": "Then "
          },
          {
            "result": {
              "duration": 31200,
              "status": "passed"
            },
            "line": 66,
            "name": "User navigates back to HomePage",
            "match": {
              "location": "initialScopeStepDefinition.user_navigates_back_to_HomePage()"
            },
            "keyword": "Then "
          },
          {
            "result": {
              "duration": 49901,
              "status": "passed"
            },
            "line": 67,
            "name": "User is on HomePage",
            "match": {
              "location": "initialScopeStepDefinition.user_is_on_HomePage()"
            },
            "keyword": "Then "
          }
        ],
        "tags": [
          {
            "line": 61,
            "name": "@SmokeTest"
          },
          {
            "line": 61,
            "name": "@RegressionTest"
          },
          {
            "line": 61,
            "name": "@EndToEnd"
          },
          {
            "line": 61,
            "name": "@Criticality3"
          }
        ]
      },
      {
        "before": [
          {
            "result": {
              "duration": 797401,
              "status": "passed"
            },
            "match": {
              "location": "initialScopeStepDefinition.initiateApp()"
            }
          }
        ],
        "line": 80,
        "name": "Check the Module3 Page Functionality",
        "description": "",
        "id": "initial-set-of-scenarios-for-the-provided-application;check-the-module3-page-functionality;;2",
        "after": [
          {
            "result": {
              "duration": 45099,
              "status": "passed"
            },
            "match": {
              "location": "initialScopeStepDefinition.tearDownApp2()"
            }
          },
          {
            "result": {
              "duration": 69100,
              "status": "passed"
            },
            "match": {
              "location": "initialScopeStepDefinition.tearDownApp1()"
            }
          }
        ],
        "type": "scenario",
        "keyword": "Scenario Outline",
        "steps": [
          {
            "result": {
              "duration": 81401,
              "status": "passed"
            },
            "line": 71,
            "name": "This is a valid HomePage",
            "match": {
              "location": "initialScopeStepDefinition.this_is_a_valid_HomePage()"
            },
            "keyword": "Given "
          },
          {
            "result": {
              "duration": 125500,
              "status": "passed"
            },
            "line": 72,
            "name": "User navigates to Module3",
            "match": {
              "arguments": [
                {
                  "val": "3",
                  "offset": 24
                }
              ],
              "location": "initialScopeStepDefinition.user_navigates_to_Module(int)"
            },
            "keyword": "When "
          },
          {
            "result": {
              "duration": 285899,
              "status": "passed"
            },
            "line": 73,
            "name": "User is on Module3 Page",
            "match": {
              "arguments": [
                {
                  "val": "3",
                  "offset": 17
                }
              ],
              "location": "initialScopeStepDefinition.user_is_on_Module_Page(int)"
            },
            "keyword": "Then "
          },
          {
            "result": {
              "duration": 191900,
              "status": "passed"
            },
            "line": 74,
            "name": "User fills up Module3 Form with \"item11\" and \"item12\"",
            "match": {
              "arguments": [
                {
                  "val": "3",
                  "offset": 20
                },
                {
                  "val": "item11",
                  "offset": 33
                },
                {
                  "val": "item12",
                  "offset": 46
                }
              ],
              "location": "initialScopeStepDefinition.user_fills_up_Module_Form_with_and(int,String,String)"
            },
            "matchedColumns": [
              0,
              1
            ],
            "keyword": "Then "
          },
          {
            "result": {
              "duration": 30800,
              "status": "passed"
            },
            "line": 75,
            "name": "User confirms form submission",
            "match": {
              "location": "initialScopeStepDefinition.user_confirms_form_submission()"
            },
            "keyword": "Then "
          },
          {
            "result": {
              "duration": 34400,
              "status": "passed"
            },
            "line": 76,
            "name": "User navigates back to HomePage",
            "match": {
              "location": "initialScopeStepDefinition.user_navigates_back_to_HomePage()"
            },
            "keyword": "Then "
          },
          {
            "result": {
              "duration": 51601,
              "status": "passed"
            },
            "line": 77,
            "name": "User is on HomePage",
            "match": {
              "location": "initialScopeStepDefinition.user_is_on_HomePage()"
            },
            "keyword": "Then "
          }
        ],
        "tags": [
          {
            "line": 69,
            "name": "@Criticality3"
          },
          {
            "line": 1,
            "name": "@FunctionalTest"
          },
          {
            "line": 69,
            "name": "@RegressionTest"
          },
          {
            "line": 69,
            "name": "@FunctionalityCheck"
          },
          {
            "line": 69,
            "name": "@EndToEnd"
          }
        ]
      },
      {
        "before": [
          {
            "result": {
              "duration": 631900,
              "status": "passed"
            },
            "match": {
              "location": "initialScopeStepDefinition.initiateApp()"
            }
          }
        ],
        "line": 81,
        "name": "Check the Module3 Page Functionality",
        "description": "",
        "id": "initial-set-of-scenarios-for-the-provided-application;check-the-module3-page-functionality;;3",
        "after": [
          {
            "result": {
              "duration": 55701,
              "status": "passed"
            },
            "match": {
              "location": "initialScopeStepDefinition.tearDownApp2()"
            }
          },
          {
            "result": {
              "duration": 60600,
              "status": "passed"
            },
            "match": {
              "location": "initialScopeStepDefinition.tearDownApp1()"
            }
          }
        ],
        "type": "scenario",
        "keyword": "Scenario Outline",
        "steps": [
          {
            "result": {
              "duration": 69400,
              "status": "passed"
            },
            "line": 71,
            "name": "This is a valid HomePage",
            "match": {
              "location": "initialScopeStepDefinition.this_is_a_valid_HomePage()"
            },
            "keyword": "Given "
          },
          {
            "result": {
              "duration": 177400,
              "status": "passed"
            },
            "line": 72,
            "name": "User navigates to Module3",
            "match": {
              "arguments": [
                {
                  "val": "3",
                  "offset": 24
                }
              ],
              "location": "initialScopeStepDefinition.user_navigates_to_Module(int)"
            },
            "keyword": "When "
          },
          {
            "result": {
              "duration": 211899,
              "status": "passed"
            },
            "line": 73,
            "name": "User is on Module3 Page",
            "match": {
              "arguments": [
                {
                  "val": "3",
                  "offset": 17
                }
              ],
              "location": "initialScopeStepDefinition.user_is_on_Module_Page(int)"
            },
            "keyword": "Then "
          },
          {
            "result": {
              "duration": 212301,
              "status": "passed"
            },
            "line": 74,
            "name": "User fills up Module3 Form with \"item21\" and \"item22\"",
            "match": {
              "arguments": [
                {
                  "val": "3",
                  "offset": 20
                },
                {
                  "val": "item21",
                  "offset": 33
                },
                {
                  "val": "item22",
                  "offset": 46
                }
              ],
              "location": "initialScopeStepDefinition.user_fills_up_Module_Form_with_and(int,String,String)"
            },
            "matchedColumns": [
              0,
              1
            ],
            "keyword": "Then "
          },
          {
            "result": {
              "duration": 47199,
              "status": "passed"
            },
            "line": 75,
            "name": "User confirms form submission",
            "match": {
              "location": "initialScopeStepDefinition.user_confirms_form_submission()"
            },
            "keyword": "Then "
          },
          {
            "result": {
              "duration": 69600,
              "status": "passed"
            },
            "line": 76,
            "name": "User navigates back to HomePage",
            "match": {
              "location": "initialScopeStepDefinition.user_navigates_back_to_HomePage()"
            },
            "keyword": "Then "
          },
          {
            "result": {
              "duration": 78100,
              "status": "passed"
            },
            "line": 77,
            "name": "User is on HomePage",
            "match": {
              "location": "initialScopeStepDefinition.user_is_on_HomePage()"
            },
            "keyword": "Then "
          }
        ],
        "tags": [
          {
            "line": 69,
            "name": "@Criticality3"
          },
          {
            "line": 1,
            "name": "@FunctionalTest"
          },
          {
            "line": 69,
            "name": "@RegressionTest"
          },
          {
            "line": 69,
            "name": "@FunctionalityCheck"
          },
          {
            "line": 69,
            "name": "@EndToEnd"
          }
        ]
      },
      {
        "before": [
          {
            "result": {
              "duration": 521500,
              "status": "passed"
            },
            "match": {
              "location": "initialScopeStepDefinition.initiateApp()"
            }
          }
        ],
        "line": 84,
        "name": "Check the Menu4 Page",
        "description": "",
        "id": "initial-set-of-scenarios-for-the-provided-application;check-the-menu4-page",
        "after": [
          {
            "result": {
              "duration": 51800,
              "status": "passed"
            },
            "match": {
              "location": "initialScopeStepDefinition.tearDownApp2()"
            }
          },
          {
            "result": {
              "duration": 27901,
              "status": "passed"
            },
            "match": {
              "location": "initialScopeStepDefinition.tearDownApp1()"
            }
          }
        ],
        "type": "scenario",
        "keyword": "Scenario",
        "steps": [
          {
            "result": {
              "duration": 91800,
              "status": "passed"
            },
            "line": 85,
            "name": "This is a valid HomePage",
            "match": {
              "location": "initialScopeStepDefinition.this_is_a_valid_HomePage()"
            },
            "keyword": "Given "
          },
          {
            "result": {
              "duration": 206399,
              "status": "passed"
            },
            "line": 86,
            "name": "User clicks on Menu4",
            "match": {
              "arguments": [
                {
                  "val": "4",
                  "offset": 19
                }
              ],
              "location": "initialScopeStepDefinition.user_clicks_on_Menu(int)"
            },
            "keyword": "When "
          },
          {
            "result": {
              "duration": 406899,
              "status": "passed"
            },
            "line": 87,
            "name": "User is on Menu4 Page",
            "match": {
              "arguments": [
                {
                  "val": "4",
                  "offset": 15
                }
              ],
              "location": "initialScopeStepDefinition.user_is_on_Menu_Page(int)"
            },
            "keyword": "Then "
          },
          {
            "result": {
              "duration": 68401,
              "status": "passed"
            },
            "line": 88,
            "name": "User navigates back to HomePage",
            "match": {
              "location": "initialScopeStepDefinition.user_navigates_back_to_HomePage()"
            },
            "keyword": "Then "
          },
          {
            "result": {
              "duration": 62100,
              "status": "passed"
            },
            "line": 89,
            "name": "User is on HomePage",
            "match": {
              "location": "initialScopeStepDefinition.user_is_on_HomePage()"
            },
            "keyword": "Then "
          }
        ],
        "tags": [
          {
            "line": 83,
            "name": "@SmokeTest"
          },
          {
            "line": 83,
            "name": "@RegressionTest"
          },
          {
            "line": 83,
            "name": "@EndToEnd"
          },
          {
            "line": 83,
            "name": "@Criticality4"
          }
        ]
      },
      {
        "before": [
          {
            "result": {
              "duration": 564600,
              "status": "passed"
            },
            "match": {
              "location": "initialScopeStepDefinition.initiateApp()"
            }
          }
        ],
        "line": 92,
        "name": "Check the Module4 Page Functionality",
        "description": "",
        "id": "initial-set-of-scenarios-for-the-provided-application;check-the-module4-page-functionality",
        "after": [
          {
            "result": {
              "duration": 50900,
              "status": "passed"
            },
            "match": {
              "location": "initialScopeStepDefinition.tearDownApp2()"
            }
          },
          {
            "result": {
              "duration": 29100,
              "status": "passed"
            },
            "match": {
              "location": "initialScopeStepDefinition.tearDownApp1()"
            }
          }
        ],
        "type": "scenario",
        "keyword": "Scenario",
        "steps": [
          {
            "result": {
              "duration": 94199,
              "status": "passed"
            },
            "line": 93,
            "name": "This is a valid HomePage",
            "match": {
              "location": "initialScopeStepDefinition.this_is_a_valid_HomePage()"
            },
            "keyword": "Given "
          },
          {
            "result": {
              "duration": 246800,
              "status": "passed"
            },
            "line": 94,
            "name": "User navigates to Module4",
            "match": {
              "arguments": [
                {
                  "val": "4",
                  "offset": 24
                }
              ],
              "location": "initialScopeStepDefinition.user_navigates_to_Module(int)"
            },
            "keyword": "When "
          },
          {
            "result": {
              "duration": 239099,
              "status": "passed"
            },
            "line": 95,
            "name": "User is on Module4 Page",
            "match": {
              "arguments": [
                {
                  "val": "4",
                  "offset": 17
                }
              ],
              "location": "initialScopeStepDefinition.user_is_on_Module_Page(int)"
            },
            "keyword": "Then "
          },
          {
            "result": {
              "duration": 1740200,
              "status": "passed"
            },
            "line": 96,
            "name": "User fills up Module4 Form with data1 and data2",
            "match": {
              "arguments": [
                {
                  "val": "4",
                  "offset": 20
                },
                {
                  "val": "1",
                  "offset": 36
                },
                {
                  "val": "2",
                  "offset": 46
                }
              ],
              "location": "initialScopeStepDefinition.user_fills_up_Module_Form_with_data_and_data(int,int,int,DataTable)"
            },
            "rows": [
              {
                "cells": [
                  "data1",
                  "data2"
                ],
                "line": 97
              },
              {
                "cells": [
                  "item11",
                  "item12"
                ],
                "line": 98
              }
            ],
            "keyword": "Then "
          },
          {
            "result": {
              "duration": 119199,
              "status": "passed"
            },
            "line": 99,
            "name": "User confirms form submission",
            "match": {
              "location": "initialScopeStepDefinition.user_confirms_form_submission()"
            },
            "keyword": "Then "
          },
          {
            "result": {
              "duration": 48601,
              "status": "passed"
            },
            "line": 100,
            "name": "User navigates back to HomePage",
            "match": {
              "location": "initialScopeStepDefinition.user_navigates_back_to_HomePage()"
            },
            "keyword": "Then "
          },
          {
            "result": {
              "duration": 41601,
              "status": "passed"
            },
            "line": 101,
            "name": "User is on HomePage",
            "match": {
              "location": "initialScopeStepDefinition.user_is_on_HomePage()"
            },
            "keyword": "Then "
          }
        ],
        "tags": [
          {
            "line": 91,
            "name": "@RegressionTest"
          },
          {
            "line": 91,
            "name": "@FunctionalityCheck"
          },
          {
            "line": 91,
            "name": "@EndToEnd"
          },
          {
            "line": 91,
            "name": "@Criticality4"
          }
        ]
      },
      {
        "before": [
          {
            "result": {
              "duration": 431200,
              "status": "passed"
            },
            "match": {
              "location": "initialScopeStepDefinition.initiateApp()"
            }
          }
        ],
        "line": 104,
        "name": "Check the Menu5 Page",
        "description": "",
        "id": "initial-set-of-scenarios-for-the-provided-application;check-the-menu5-page",
        "after": [
          {
            "result": {
              "duration": 204801,
              "status": "passed"
            },
            "match": {
              "location": "initialScopeStepDefinition.tearDownApp2()"
            }
          },
          {
            "result": {
              "duration": 98500,
              "status": "passed"
            },
            "match": {
              "location": "initialScopeStepDefinition.tearDownApp1()"
            }
          }
        ],
        "type": "scenario",
        "keyword": "Scenario",
        "steps": [
          {
            "result": {
              "duration": 68700,
              "status": "passed"
            },
            "line": 105,
            "name": "This is a valid HomePage",
            "match": {
              "location": "initialScopeStepDefinition.this_is_a_valid_HomePage()"
            },
            "keyword": "Given "
          },
          {
            "result": {
              "duration": 113000,
              "status": "passed"
            },
            "line": 106,
            "name": "User clicks on Menu5",
            "match": {
              "arguments": [
                {
                  "val": "5",
                  "offset": 19
                }
              ],
              "location": "initialScopeStepDefinition.user_clicks_on_Menu(int)"
            },
            "keyword": "When "
          },
          {
            "result": {
              "duration": 148400,
              "status": "passed"
            },
            "line": 107,
            "name": "User is on Menu5 Page",
            "match": {
              "arguments": [
                {
                  "val": "5",
                  "offset": 15
                }
              ],
              "location": "initialScopeStepDefinition.user_is_on_Menu_Page(int)"
            },
            "keyword": "Then "
          },
          {
            "result": {
              "duration": 47000,
              "status": "passed"
            },
            "line": 108,
            "name": "User navigates back to HomePage",
            "match": {
              "location": "initialScopeStepDefinition.user_navigates_back_to_HomePage()"
            },
            "keyword": "Then "
          },
          {
            "result": {
              "duration": 47000,
              "status": "passed"
            },
            "line": 109,
            "name": "User is on HomePage",
            "match": {
              "location": "initialScopeStepDefinition.user_is_on_HomePage()"
            },
            "keyword": "Then "
          }
        ],
        "tags": [
          {
            "line": 103,
            "name": "@SmokeTest"
          },
          {
            "line": 103,
            "name": "@RegressionTest"
          },
          {
            "line": 103,
            "name": "@EndToEnd"
          },
          {
            "line": 103,
            "name": "@Criticality5"
          }
        ]
      },
      {
        "before": [
          {
            "result": {
              "duration": 834600,
              "status": "passed"
            },
            "match": {
              "location": "initialScopeStepDefinition.initiateApp()"
            }
          }
        ],
        "line": 112,
        "name": "Check the Module5 Page Functionality",
        "description": "",
        "id": "initial-set-of-scenarios-for-the-provided-application;check-the-module5-page-functionality",
        "after": [
          {
            "result": {
              "duration": 31200,
              "status": "passed"
            },
            "match": {
              "location": "initialScopeStepDefinition.tearDownApp2()"
            }
          },
          {
            "result": {
              "duration": 26100,
              "status": "passed"
            },
            "match": {
              "location": "initialScopeStepDefinition.tearDownApp1()"
            }
          }
        ],
        "type": "scenario",
        "keyword": "Scenario",
        "steps": [
          {
            "result": {
              "duration": 92700,
              "status": "passed"
            },
            "line": 113,
            "name": "This is a valid HomePage",
            "match": {
              "location": "initialScopeStepDefinition.this_is_a_valid_HomePage()"
            },
            "keyword": "Given "
          },
          {
            "result": {
              "duration": 114099,
              "status": "passed"
            },
            "line": 114,
            "name": "User navigates to Module5",
            "match": {
              "arguments": [
                {
                  "val": "5",
                  "offset": 24
                }
              ],
              "location": "initialScopeStepDefinition.user_navigates_to_Module(int)"
            },
            "keyword": "When "
          },
          {
            "result": {
              "duration": 128999,
              "status": "passed"
            },
            "line": 115,
            "name": "User is on Module5 Page",
            "match": {
              "arguments": [
                {
                  "val": "5",
                  "offset": 17
                }
              ],
              "location": "initialScopeStepDefinition.user_is_on_Module_Page(int)"
            },
            "keyword": "Then "
          },
          {
            "result": {
              "duration": 309801,
              "status": "passed"
            },
            "line": 116,
            "name": "User fills up Module5 Form with various data",
            "match": {
              "arguments": [
                {
                  "val": "5",
                  "offset": 20
                }
              ],
              "location": "initialScopeStepDefinition.user_fills_up_Module_Form_with_various_data(int,DataTable)"
            },
            "rows": [
              {
                "cells": [
                  "data1",
                  "data2",
                  "data3"
                ],
                "line": 117
              },
              {
                "cells": [
                  "item11",
                  "item12",
                  "item13"
                ],
                "line": 118
              },
              {
                "cells": [
                  "item21",
                  "item22",
                  "item23"
                ],
                "line": 119
              },
              {
                "cells": [
                  "item31",
                  "item32",
                  "item33"
                ],
                "line": 120
              }
            ],
            "keyword": "Then "
          },
          {
            "result": {
              "duration": 43700,
              "status": "passed"
            },
            "line": 121,
            "name": "User confirms form submission",
            "match": {
              "location": "initialScopeStepDefinition.user_confirms_form_submission()"
            },
            "keyword": "Then "
          },
          {
            "result": {
              "duration": 23099,
              "status": "passed"
            },
            "line": 122,
            "name": "User navigates back to HomePage",
            "match": {
              "location": "initialScopeStepDefinition.user_navigates_back_to_HomePage()"
            },
            "keyword": "Then "
          },
          {
            "result": {
              "duration": 40001,
              "status": "passed"
            },
            "line": 123,
            "name": "User is on HomePage",
            "match": {
              "location": "initialScopeStepDefinition.user_is_on_HomePage()"
            },
            "keyword": "Then "
          }
        ],
        "tags": [
          {
            "line": 111,
            "name": "@RegressionTest"
          },
          {
            "line": 111,
            "name": "@FunctionalityCheck"
          },
          {
            "line": 111,
            "name": "@EndToEnd"
          },
          {
            "line": 111,
            "name": "@Criticality5"
          }
        ]
      },
      {
        "before": [
          {
            "result": {
              "duration": 446799,
              "status": "passed"
            },
            "match": {
              "location": "initialScopeStepDefinition.initiateApp()"
            }
          }
        ],
        "line": 126,
        "name": "Check the Menu6 Page",
        "description": "",
        "id": "initial-set-of-scenarios-for-the-provided-application;check-the-menu6-page",
        "after": [
          {
            "result": {
              "duration": 36800,
              "status": "passed"
            },
            "match": {
              "location": "initialScopeStepDefinition.tearDownApp2()"
            }
          },
          {
            "result": {
              "duration": 27000,
              "status": "passed"
            },
            "match": {
              "location": "initialScopeStepDefinition.tearDownApp1()"
            }
          }
        ],
        "type": "scenario",
        "keyword": "Scenario",
        "steps": [
          {
            "result": {
              "duration": 55100,
              "status": "passed"
            },
            "line": 127,
            "name": "This is a valid HomePage",
            "match": {
              "location": "initialScopeStepDefinition.this_is_a_valid_HomePage()"
            },
            "keyword": "Given "
          },
          {
            "result": {
              "duration": 107200,
              "status": "passed"
            },
            "line": 128,
            "name": "User clicks on Menu6",
            "match": {
              "arguments": [
                {
                  "val": "6",
                  "offset": 19
                }
              ],
              "location": "initialScopeStepDefinition.user_clicks_on_Menu(int)"
            },
            "keyword": "When "
          },
          {
            "result": {
              "duration": 172900,
              "status": "passed"
            },
            "line": 129,
            "name": "User is on Menu6 Page",
            "match": {
              "arguments": [
                {
                  "val": "6",
                  "offset": 15
                }
              ],
              "location": "initialScopeStepDefinition.user_is_on_Menu_Page(int)"
            },
            "keyword": "Then "
          },
          {
            "result": {
              "duration": 36500,
              "status": "passed"
            },
            "line": 130,
            "name": "User navigates back to HomePage",
            "match": {
              "location": "initialScopeStepDefinition.user_navigates_back_to_HomePage()"
            },
            "keyword": "Then "
          },
          {
            "result": {
              "duration": 49401,
              "status": "passed"
            },
            "line": 131,
            "name": "User is on HomePage",
            "match": {
              "location": "initialScopeStepDefinition.user_is_on_HomePage()"
            },
            "keyword": "Then "
          }
        ],
        "tags": [
          {
            "line": 125,
            "name": "@SmokeTest"
          },
          {
            "line": 125,
            "name": "@RegressionTest"
          },
          {
            "line": 125,
            "name": "@EndToEnd"
          },
          {
            "line": 125,
            "name": "@Criticality6"
          }
        ]
      },
      {
        "before": [
          {
            "result": {
              "duration": 377200,
              "status": "passed"
            },
            "match": {
              "location": "initialScopeStepDefinition.initiateApp()"
            }
          }
        ],
        "line": 134,
        "name": "Check the Module6 Page Functionality",
        "description": "",
        "id": "initial-set-of-scenarios-for-the-provided-application;check-the-module6-page-functionality",
        "after": [
          {
            "result": {
              "duration": 22900,
              "status": "passed"
            },
            "match": {
              "location": "initialScopeStepDefinition.tearDownApp2()"
            }
          },
          {
            "result": {
              "duration": 34799,
              "status": "passed"
            },
            "match": {
              "location": "initialScopeStepDefinition.tearDownApp1()"
            }
          }
        ],
        "type": "scenario",
        "keyword": "Scenario",
        "steps": [
          {
            "result": {
              "duration": 50401,
              "status": "passed"
            },
            "line": 135,
            "name": "This is a valid HomePage",
            "match": {
              "location": "initialScopeStepDefinition.this_is_a_valid_HomePage()"
            },
            "keyword": "Given "
          },
          {
            "result": {
              "duration": 83500,
              "status": "passed"
            },
            "line": 136,
            "name": "User navigates to Module6",
            "match": {
              "arguments": [
                {
                  "val": "6",
                  "offset": 24
                }
              ],
              "location": "initialScopeStepDefinition.user_navigates_to_Module(int)"
            },
            "keyword": "When "
          },
          {
            "result": {
              "duration": 88500,
              "status": "passed"
            },
            "line": 137,
            "name": "User is on Module6 Page",
            "match": {
              "arguments": [
                {
                  "val": "6",
                  "offset": 17
                }
              ],
              "location": "initialScopeStepDefinition.user_is_on_Module_Page(int)"
            },
            "keyword": "Then "
          },
          {
            "result": {
              "duration": 153800,
              "status": "passed"
            },
            "line": 138,
            "name": "User fills up Module6 Form with data1 and data2",
            "match": {
              "arguments": [
                {
                  "val": "6",
                  "offset": 20
                },
                {
                  "val": "1",
                  "offset": 36
                },
                {
                  "val": "2",
                  "offset": 46
                }
              ],
              "location": "initialScopeStepDefinition.user_fills_up_Module_Form_with_data_and_data(int,int,int,DataTable)"
            },
            "rows": [
              {
                "cells": [
                  "item11",
                  "item12"
                ],
                "line": 139
              }
            ],
            "keyword": "Then "
          },
          {
            "result": {
              "duration": 20200,
              "status": "passed"
            },
            "line": 140,
            "name": "User confirms form submission",
            "match": {
              "location": "initialScopeStepDefinition.user_confirms_form_submission()"
            },
            "keyword": "Then "
          },
          {
            "result": {
              "duration": 19900,
              "status": "passed"
            },
            "line": 141,
            "name": "User navigates back to HomePage",
            "match": {
              "location": "initialScopeStepDefinition.user_navigates_back_to_HomePage()"
            },
            "keyword": "Then "
          },
          {
            "result": {
              "duration": 29000,
              "status": "passed"
            },
            "line": 142,
            "name": "User is on HomePage",
            "match": {
              "location": "initialScopeStepDefinition.user_is_on_HomePage()"
            },
            "keyword": "Then "
          }
        ],
        "tags": [
          {
            "line": 133,
            "name": "@RegressionTest"
          },
          {
            "line": 133,
            "name": "@FunctionalityCheck"
          },
          {
            "line": 133,
            "name": "@EndToEnd"
          },
          {
            "line": 133,
            "name": "@Criticality6"
          }
        ]
      }
    ],
    "name": "Initial Set of Scenarios for the provided application",
    "description": "",
    "id": "initial-set-of-scenarios-for-the-provided-application",
    "keyword": "Feature",
    "uri": "src/test/java/Features/initialScope.feature",
    "tags": [
      {
        "line": 1,
        "name": "@FunctionalTest"
      }
    ]
  }
]